reese,0x053,0x0
ward,0x054,0x11c
elbert,0x055,0x22c
christine,0x07c,0x33c
adel,0x057,0x478
leon,0x058,0x578
sherlock,0x059,0x678
izerna,0x083,0x79c
czene,0x082,0x89c
aegina,0x07f,0x99c
daoud,0x061,0xaac
enid,0x084,0xbac
marcel,0x056,0xcbc
alvina,0x080,0xe24
ruby,0x086,0xf8c
arthur,0x060,0x109c
kramer,0x095,0x11ac
dean,0x06d,0x12ac
faye,0x081,0x13bc
sylvis,0x07e,0x14bc
perceval,0x071,0x1624
thaddy,0x099,0x179c
esteban,0x05a,0x189c
faramir,0x06f,0x1a04
volo,0x090,0x1b7c
sherpa,0x06e,0x1d4c
clifford,0x098,0x1e5c
axel,0x093,0x1f6c
larentia,0x085,0x206c
owen,0x096,0x223c
burroughs,0x062,0x23a4
derrick,0x074,0x2574
saphira,0x087,0x26ec
lynette,0x07d,0x27fc
paramythis,0x063,0x2974
sienna,0x089,0x2aec
gior,0x14b,-0x758a98c
row,0x14c,-0x758a890
jimsa,0x14d,-0x758a794
clift,0x14e,-0x758a698
bear,0x14f,-0x758a59c
meir,0x155,-0x2097078
lumiere,0x156,-0x5dd8980
clara,0x162,-0xf198
richens,0x175,-0x2fe5944
benha,0x178,-0x2fe5250
galliad,0x180,-0x439c174
pissarro,0x18d,-0x484c034
pedro,0x18e,-0x484be68
alibaba,0x193,-0x484c198
sand,0x195,-0x4876998
gardo,0x196,-0x48767cc
dominique,0x197,-0x4876600
troy,0x198,-0x4892198
lauros,0x199,-0x2536968
cardy,0x19c,-0x2e558f0
lebros,0x19d,-0x2e54dd0
gilgades,0x19e,-0x2e538f4
nielsen,0x19f,-0x2e53e84
martin,0x1a0,-0x2f0e930
gonzi,0x1fb,-0x20975dc
ortman,0x1ff,-0x205e9f4
minas,0x200,-0x205c82c
theodor,0x201,-0x205c9f8
theodor,0x201,-0x20f198c
palmer,0x204,-0x4d27198
kay,0x207,-0x2cc1470
merrill,0x20d,-0x2cbeca0
vonbeck,0x20e,-0x2cbefd0
basque,0x20f,-0x4b9af7c
seamus,0x210,-0x2cbee6c
grave,0x211,-0x1070968
simon,0x218,-0x1073488
gurdy,0x219,-0x1073254
ozuma,0x21b,-0x10738f0
marble,0x21c,-0x10736bc
davos,0x21e,-0x1093d24
lester,0x226,-0x2ab91f0
armakis,0x227,-0x2ab97e8
armakis,0x227,-0x28ab7e0
vester,0x228,-0x4b1c18c
vester,0x228,-0x4a7698c
vester,0x228,-0x2939980
bernard,0x22b,-0x2ab9520
plato,0x22d,-0x2ab8f28
scullow,0x232,-0x2938cfc
pentland,0x234,-0x28ab944
bandar,0x235,-0x28ac038
trador,0x237,-0x2939554
elec,0x238,-0x496c738
liark,0x23a,-0x32c20fc
arnold,0x23c,-0x49a08cc
garsh,0x23f,-0x32f66b8
vanmillion,0x241,-0x496d15c
geppels,0x243,-0x32c1b98
mumba,0x244,-0x32be918
chaos,0x268,-0x4e91e54
chaos,0x268,-0xb79078
andersen,0x26f,-0x1cd8290
jimka,0x270,-0x1d98174
wallenstein,0x271,-0x1d97c78
zephros,0x275,-0x1e8e18c
zephros,0x275,-0x2be98c
actur,0x276,-0x1e8e028
actur,0x276,-0x2be890
trimia,0x278,-0x1d97714
earrings,0x279,-0x18018d8
gordova,0x280,-0x19c8d18
vanmillion,0x281,-0x18aa15c
vester,0x282,-0x1978950
leticia,0x283,-0x18a8cb8
conen,0x288,-0x1453c0c
xiamen,0x28a,-0x1604c50
nazgul,0x28c,-0x1604354
redbaron,0x28e,-0x1603824
ishmato,0x29b,-0x2ab8124
dunfer,0x29c,-0x2ab7604
murin,0x29d,-0x2ab74a0
yaron,0x29e,-0x2ab8afc
louvel,0x2b4,-0x455b18c
blackknight,0x2b7,-0x3ca2458
raspuche,0x2bf,-0x401295c
alfonne,0x2c0,-0x4012790
semdarios,0x2c1,-0x4010d40
ymir,0x2c2,-0x450698c
luciana,0x2c4,-0x4506890
maria,0x2c5,-0x4506794
questionclear,0x2c6,-0x4506698
bengriton,0x346,-0x1a51168
valerington,0x347,-0x1a51004
theharo,0x348,-0x1a4fac0
ortega,0x349,-0x1a4f8f4
pissarro,0x34a,-0x1a4f728
kelzer,0x34b,-0x1aa4eac
zarias,0x34c,-0x1aa4a80
houba,0x34d,-0x1aa4654
taliban,0x34e,-0x1aa4488
maham,0x350,-0x1a4f5c4
gomez,0x362,-0x6821708
wolkens,0x376,-0x4e9292c
hermann,0x377,-0x4e927c8
yakharam,0x378,-0x4fd7950
padorph,0x37e,-0x4e92664
rozoak,0x381,-0x504e010
reed,0x382,-0x504deac
sienna,0x383,-0x504e174
theodor,0x384,-0x504dd48
minas,0x385,-0x504dbe4
agban,0x3b0,-0xb7950c
garros,0x3b3,-0xc658fc
ober,0x3b4,-0xb93998
sakhalin,0x3b5,-0xb937cc
grim,0x3b6,-0xb93600
selim,0x3b7,-0xc67204
rodin,0x3b8,-0xc92998
fermat,0x3bc,-0xb78eac
egos,0x3bd,-0xc654d0
dross,0x3be,-0x106f2b0
sophie,0x3bf,-0x455afc0
sophie,0x3bf,-0x1180198
palrobin,0x3f5,-0x74275ec
chagall,0x3f8,-0x74c8950
murdoch,0x3fa,-0x7428174
glyph,0x3ff,-0x7259168
graph,0x400,-0x7259004
arzovi,0x406,-0x62f3168
william,0x409,-0x6fd618c
icedragon,0x41b,-0x6871d60
zias,0x41c,-0x6135168
hamilton,0x41e,-0x6447944
chamos,0x42a,-0x632e980
lenax,0x42c,-0x69b6974
roselie,0x42e,-0x69c5998
neema,0x42f,-0x6134e38
weiss,0x436,-0x605e980
riddle,0x439,-0x5fda174
firedragon,0x43a,-0x5fd90f0
nagra,0x43b,-0x5f6198c
golas,0x43d,-0x5f2eec4
ferz,0x444,-0x6c67370
dongst,0x451,-0x5dae174
herct,0x455,-0x6c0318c
hunker,0x457,-0x5c98168
dudley,0x458,-0x5c12998
gibbs,0x459,-0x5c12834
chebyshev,0x45a,-0x5c126d0
weber,0x45b,-0x5c1256c
hiryu,0x45e,-0x6636950
hiryu,0x45e,-0x66367ec
hiryu,0x45e,-0x6636524
hiryu,0x45e,-0x66363c0
padrias,0x460,-0x25b114
ryle,0x462,-0x259450
aves,0x46d,-0x1318028
givas,0x46f,-0x44c412c
raon,0x470,-0x44c3f60
moro,0x473,-0x259f00
firedragon,0x478,-0x6636688
thor,0x479,-0x65634e4
rodeon,0x48a,-0x6cf998
horn,0x48c,-0x56bf998
rogis,0x48d,-0x44e1600
fleece,0x48e,-0x44c1e58
dragontimmer,0x48f,-0x66360f8
sandrov,0x490,-0x6634fe0
verda,0x493,-0x74c8784
uriad,0x494,-0x74c85b8
morax,0x495,-0x74c83ec
murresen,0x496,-0x71e4974
gozewaros,0x497,-0x38115c
barodios,0x49a,-0x3fbfa8
bolts,0x4ac,-0x73c4004
horus,0x4ad,-0x663d998
krishna,0x4ae,-0x60cd28c
dallas,0x4af,-0x12e6108
theodor,0x4b1,-0x131818c
hazurizu,0x4b2,-0x1389574
clamp,0x4b7,-0x43c398c
offter,0x4c6,-0x6e998
disard,0x4c7,-0x7043168
penero,0x4c9,-0x67be044
larson,0x4da,-0x5c97f34
nizari,0x4db,-0x62f22dc
cecily,0x4e8,-0x6881198
leonard,0x529,-0x4598998
baselphone,0x544,-0x20f1890
martha,0x555,-0x2cdbe8c
corona,0x567,-0x459198c
questionclear,0x56c,-0x756a98c
reed,0x56d,-0x756a890
